<?xml version="1.0" encoding="UTF-8"?>
<!DOCTYPE mapper PUBLIC "-//mybatis.org//DTD Mapper 3.0//EN" "http://mybatis.org/dtd/mybatis-3-mapper.dtd">
<mapper namespace="com.maybo.dao.SecDao">
    <select id="findSecById" parameterType="int" resultType="com.maybo.model.Sec">
        select * from sec s where s.id=#{id}
    </select>
    <select id="findAllSec" resultType="com.maybo.model.Sec">
        select *from sec
    </select>
    <insert id="addSec" parameterType="com.maybo.model.Sec">
        insert into sec(sec_code,sec_name,price,update_time)values(#{sec_code},#{sec_name},#{price},#{update_time})
    </insert>
    <delete id="delSecById" parameterType="int">
        delete from sec where id=#{id}
    </delete>
    <update id="updateSec" parameterType="com.maybo.model.Sec">
        update sec set sec_code=#{sec_code},sec_name=#{sec_name},price=#{price},update_time=#{update_time} where id=#{id}
    </update>
</mapper>