<?xml version="1.0" encoding="UTF-8"?>
<!DOCTYPE mapper PUBLIC "-//mybatis.org//DTD Mapper 3.0//EN" "http://mybatis.org/dtd/mybatis-3-mapper.dtd">
<mapper namespace="com.maybo.dao.UserInfor">
	<select id="findUserById" parameterType="int" resultType="com.maybo.model.User">
		select * from user_infor where userId=#{id}
	</select>
	<select id="findAllUser" resultType="com.maybo.model.User">
		select * from user_infor;
	</select>
	<insert id="addUser" parameterType="com.maybo.model.User">
		insert into user_infor (username,password) values(#{username}, #{password})
	</insert>
	<delete id="deleteUserById" parameterType="int">
		delete from user_infor where userId=#{id}
	</delete>
	<update id="updateUser" parameterType="com.maybo.model.User">
		update user_infor set username=#{username}, password={password} where userId=#{id}
	</update>
</mapper>